{
  "accuracy": 0.8662293321057275,
  "precision": 0.8321776670428882,
  "recall": 0.8662293321057275,
  "f1_score": 0.8045853490729051,
  "training_date": "2025-04-24T01:34:35.506376",
  "feature_importances": {
    "MA10": 0.3542255461215973,
    "MA30": 0.15533223748207092,
    "Volume": 0.08623382449150085,
    "Avg_Volume": 0.06392611563205719,
    "Change": 0.34028223156929016
  }
}